"debut";"fin";"Aquitaine";"Austrasie";"Bourgogne";"Neustrie";"Provence";"autres";"ecclesiastiques";"nobles"
"11";610;610;0;0;1;0;0;0;0;1
"12";581;602;0;0;1;0;0;1;0;0
"13";552;587;0;0;1;0;0;0;1;0
"14";613;613;0;0;1;0;0;0;0;1
"15";613;615;0;0;1;0;0;1;0;0
"16";595;614;0;0;1;0;0;1;0;0
"17";600;613;0;0;0;0;0;1;0;0
"18";587;604;0;0;1;0;0;1;0;0
"19";490;518;0;0;1;0;0;1;0;0
"20";609;609;0;0;1;0;0;0;0;1
"21";579;579;0;0;0;1;0;0;0;1
"23";609;612;0;0;1;0;0;0;0;1
"24";581;588;0;1;0;0;0;0;0;1
"25";NA;604;0;0;1;0;0;1;0;0
"26";608;610;0;1;0;0;0;0;0;1
"27";584;589;0;0;1;0;0;0;0;1
"28";566;599;0;1;0;0;0;0;0;1
"29";584;585;0;0;0;0;1;1;0;0
"30";595;601;0;1;0;0;0;0;0;1
"31";613;613;0;0;1;0;0;1;0;0
"32";575;595;0;1;0;0;0;0;0;1
"33";NA;NA;0;0;0;0;0;0;0;0
"34";561;584;0;0;0;1;0;0;0;1
"35";606;610;0;0;1;0;0;1;0;0
"36";584;629;0;0;0;1;0;0;0;1
"37";NA;590;0;0;1;0;0;0;1;0
"39";570;584;0;0;0;1;0;0;0;1
"40";595;603;0;0;1;0;0;1;0;0
"41";585;585;0;0;1;0;0;1;0;0
"42";602;606;0;0;1;0;0;1;0;0
"43";595;613;0;0;1;0;0;1;0;0
"44";589;590;0;0;0;1;0;0;0;1
"46";613;614;0;0;1;0;0;0;0;1
"47";612;629;0;0;1;0;0;0;1;0
"48";569;597;0;0;0;1;0;0;0;1
"49";602;602;1;0;0;0;0;0;0;1
"51";561;593;0;0;1;0;0;0;0;1
"52";575;588;0;1;0;0;0;0;0;1
"54";NA;NA;0;0;0;0;0;0;0;0
"55";600;613;0;0;1;0;0;0;0;1
"56";613;613;0;0;1;0;0;1;0;0
"57";613;613;0;0;0;1;0;1;0;0
"58";604;613;0;0;0;1;0;1;0;0
"59";NA;588;0;0;1;0;0;0;0;1
"60";612;612;0;1;0;0;0;1;0;0
"61";613;614;0;0;1;0;0;1;0;0
"62";584;585;0;0;1;0;0;1;0;0
"63";NA;NA;0;0;0;0;0;0;0;0
"64";NA;NA;0;0;0;0;0;0;0;0
"66";561;570;0;0;1;0;0;0;0;1
"67";602;602;0;0;1;0;0;1;0;0
"68";613;640;0;0;0;0;0;0;0;1
"69";605;605;0;0;1;0;0;1;0;0
"70";604;605;0;0;1;0;0;1;0;0
"71";599;599;0;0;1;0;0;1;0;0
"72";613;614;0;1;0;0;0;1;0;0
"73";609;609;0;0;1;0;0;1;0;0
"74";585;588;0;0;0;1;0;0;0;1
"75";607;613;0;0;1;0;0;1;0;0
"76";607;613;0;0;1;0;0;0;0;1
"77";602;602;0;0;1;0;0;1;0;0
"78";602;603;0;0;1;0;0;1;0;0
"80";NA;NA;0;0;0;0;0;0;0;0
"81";613;613;0;1;0;0;0;0;0;1
"82";516;523;0;0;1;0;0;0;0;1
"83";613;613;0;0;1;0;0;0;0;1
"84";587;587;0;0;1;0;0;0;0;1
"85";596;612;0;1;0;0;0;0;0;1
"86";610;612;0;1;0;0;0;0;0;1
"87";NA;NA;0;0;0;0;0;0;0;0
"89";573;591;0;0;1;0;0;0;0;1
"90";596;613;0;0;1;0;0;0;0;1
"91";588;607;0;0;1;0;0;0;0;1
"92";581;587;0;1;0;0;0;0;0;1
"93";585;591;0;0;1;0;0;1;0;0
"94";595;599;0;0;1;0;0;1;0;0
"95";612;626;0;0;1;0;0;1;0;0
"96";581;585;0;1;0;0;0;0;0;1
"97";605;607;0;0;1;0;0;1;0;0
"99";600;NA;0;0;1;0;0;0;1;0
"100";555;576;0;0;1;0;0;1;0;0
"101";614;614;0;0;0;0;1;1;0;0
"102";542;566;1;0;0;0;0;1;0;0
"103";NA;515;0;0;1;0;0;0;1;0
"104";585;585;0;0;1;0;0;0;1;0
"105";511;533;1;0;0;0;0;1;0;0
"106";520;535;0;0;0;1;0;1;0;0
"107";511;511;0;0;0;1;0;1;0;0
"109";NA;534;1;0;0;0;0;1;0;0
"110";570;570;0;0;1;0;0;1;0;0
"111";485;502;0;0;0;0;1;1;0;0
"114";584;584;0;0;0;1;0;1;0;0
"116";530;541;0;0;0;1;0;1;0;0
"117";558;561;0;0;1;0;0;1;0;0
"118";576;591;0;0;0;1;0;0;1;0
"119";549;549;0;0;0;0;1;0;1;0
"120";NA;525;0;1;0;0;0;1;0;0
"121";549;549;0;0;0;0;1;0;1;0
"122";614;614;1;0;0;0;0;1;0;0
"123";595;636;0;0;1;0;0;0;1;0
"124";587;592;0;1;0;0;0;0;0;1
"125";551;554;0;1;0;0;0;0;1;0
"126";573;594;0;0;0;1;0;0;1;0
"127";555;586;1;0;0;0;0;0;1;0
"128";549;577;0;0;0;1;0;1;0;0
"129";595;613;0;0;1;0;0;1;0;0
"130";NA;NA;0;0;0;0;0;0;0;0
"131";585;586;0;0;1;0;0;1;0;0
"132";506;528;0;0;0;0;1;1;0;0
"133";585;585;0;0;0;0;1;1;0;0
"134";NA;NA;0;0;0;0;0;0;0;0
"135";532;580;0;0;1;0;0;1;0;0
"136";565;570;0;0;1;0;0;1;0;0
"137";581;590;0;0;1;0;0;1;0;0
"138";614;614;0;0;0;0;1;1;0;0
"139";614;627;1;0;0;0;0;1;0;0
"140";558;561;0;0;1;0;0;1;0;0
"141";523;540;0;0;1;0;0;1;0;0
"143";NA;NA;0;0;0;0;0;0;0;0
"145";578;602;0;1;0;0;0;1;0;0
"146";561;575;0;1;0;0;0;1;0;0
"147";484;507;1;0;0;0;0;0;0;1
"148";485;507;1;0;0;0;0;0;1;0
"149";NA;535;0;0;0;1;0;0;1;0
"150";572;576;0;0;0;0;1;1;0;0
"151";501;506;0;0;1;0;0;1;0;0
"152";NA;NA;0;0;0;0;0;0;0;0
"153";516;516;0;0;1;0;0;0;1;0
"154";527;541;0;0;0;0;1;1;0;0
"155";549;549;1;0;0;0;0;1;0;0
"156";465;512;0;1;0;0;0;1;0;0
"157";556;561;0;0;0;1;0;0;0;1
"158";549;549;0;1;0;0;0;1;0;0
"159";NA;545;0;0;0;1;0;1;0;0
"161";540;555;0;0;1;0;0;0;1;0
"162";585;585;0;0;1;0;0;0;1;0
"163";487;515;0;0;1;0;0;1;0;0
"164";570;570;0;0;1;0;0;1;0;0
"165";584;614;0;0;1;0;0;0;1;0
"166";NA;515;0;0;1;0;0;0;1;0
"167";549;574;1;0;0;0;0;1;0;0
"168";546;549;0;0;1;0;0;1;0;0
"169";NA;NA;0;0;0;0;0;0;0;0
"170";580;610;0;0;1;0;0;0;1;0
"171";604;614;0;0;0;0;1;1;0;0
"172";533;541;0;0;0;1;0;1;0;0
"173";549;551;1;0;0;0;0;1;0;0
"174";585;587;1;0;0;0;0;1;0;0
"175";541;541;0;0;0;1;0;0;1;0
"176";551;560;1;0;0;0;0;0;1;0
"177";581;581;0;0;0;0;1;0;1;0
"178";NA;NA;0;0;0;0;0;0;0;0
"179";555;576;0;0;0;1;0;1;0;0
"180";551;570;1;0;0;0;0;0;1;0
"181";585;585;0;0;1;0;0;0;1;0
"182";555;587;1;0;0;0;0;0;1;0
"183";574;574;0;0;0;1;0;1;0;0
"184";590;590;0;0;0;1;0;1;0;0
"186";515;517;0;0;1;0;0;0;0;1
"187";614;652;0;0;0;1;0;1;0;0
"189";614;614;0;1;0;0;0;1;0;0
"191";576;584;0;0;0;1;0;1;0;0
"192";614;614;0;0;1;0;0;1;0;0
"193";585;589;0;0;1;0;0;0;0;1
"194";573;591;0;0;0;1;0;0;1;0
"195";490;500;0;0;1;0;0;0;1;0
"196";585;585;1;0;0;0;0;1;0;0
"197";538;538;0;0;1;0;0;1;0;0
"198";541;559;0;0;0;0;1;1;0;0
"200";585;585;0;0;1;0;0;0;1;0
"201";500;507;0;1;0;0;0;1;0;0
"202";506;506;1;0;0;0;0;1;0;0
"204";NA;510;0;0;0;1;0;1;0;0
"205";NA;507;1;0;0;0;0;0;0;1
"206";490;520;0;0;1;0;0;1;0;0
"207";603;611;1;0;0;0;0;1;0;0
"208";585;585;0;0;1;0;0;0;1;0
"209";455;486;1;0;0;0;0;1;0;0
"210";520;525;0;1;0;0;0;1;0;0
"211";614;614;0;0;1;0;0;1;0;0
"212";508;510;0;0;0;0;1;0;0;1
"213";534;547;0;1;0;0;0;0;1;0
"214";480;NA;0;0;0;1;0;1;0;0
"215";570;570;0;1;0;0;0;1;0;0
"216";NA;515;0;0;1;0;0;0;1;0
"217";536;541;1;0;0;0;0;1;0;0
"218";NA;NA;0;0;0;0;0;0;0;0
"220";500;515;0;0;1;0;0;1;0;0
"221";579;601;0;0;0;0;1;1;0;0
"222";549;552;0;0;1;0;0;1;0;0
"223";NA;545;1;0;0;0;0;1;0;0
"224";595;596;0;0;0;0;1;1;0;0
"225";534;534;0;1;0;0;0;1;0;0
"226";525;527;0;0;0;1;0;0;0;1
"227";NA;NA;0;0;0;0;0;0;0;0
"228";NA;NA;0;0;0;0;0;0;0;0
"229";486;489;0;0;1;0;0;1;0;0
"230";520;520;0;0;1;0;0;0;1;0
"231";561;573;0;0;1;0;0;0;0;1
"232";573;591;0;0;0;1;0;1;0;0
"233";573;591;0;0;0;1;0;0;1;0
"234";529;530;0;0;0;0;1;0;1;0
"235";NA;NA;0;0;0;0;0;0;0;0
"236";595;605;1;0;0;0;0;0;1;0
"237";614;614;1;0;0;0;0;1;0;0
"238";602;610;0;1;0;0;0;1;0;0
"239";512;512;0;0;0;1;0;0;1;0
"240";NA;NA;0;0;0;0;0;0;0;0
"241";581;585;0;0;0;0;1;1;0;0
"242";NA;579;0;0;1;0;0;1;0;0
"243";533;533;1;0;0;0;0;0;1;0
"244";NA;582;0;0;1;0;0;0;0;1
"245";NA;NA;0;0;0;0;0;0;0;0
"246";533;551;1;0;0;0;0;1;0;0
"247";NA;NA;0;0;0;0;0;0;0;0
"248";570;570;0;0;1;0;0;0;1;0
"249";535;542;0;1;0;0;0;1;0;0
"250";NA;NA;0;0;0;0;0;0;0;0
"251";605;607;0;0;0;0;0;0;1;0
"252";567;575;0;0;0;1;0;1;0;0
"253";567;575;0;0;0;1;0;1;0;0
"254";585;585;0;0;1;0;0;0;1;0
"255";NA;NA;0;0;0;0;0;0;0;0
"256";584;584;0;0;0;1;0;1;0;0
"257";614;614;1;0;0;0;0;1;0;0
"258";590;590;0;1;0;0;0;0;0;1
"259";568;568;0;1;0;0;0;0;0;1
"260";549;580;0;0;0;1;0;0;0;1
"261";572;590;0;0;0;1;0;1;0;0
"262";585;585;0;0;1;0;0;0;1;0
"263";NA;NA;0;0;0;0;0;0;0;0
"264";560;NA;0;0;0;1;0;1;0;0
"265";549;552;1;0;0;0;0;1;0;0
"266";560;561;0;0;1;0;0;1;0;0
"267";NA;NA;0;0;0;0;0;0;0;0
"268";500;506;0;0;0;0;1;1;0;0
"271";546;551;0;0;0;0;1;1;0;0
"272";591;595;1;0;0;0;0;1;0;0
"273";541;541;1;0;0;0;0;0;1;0
"274";471;487;0;1;0;0;0;1;0;0
"275";NA;NA;0;0;0;0;0;0;0;0
"276";581;581;0;0;0;0;1;1;0;0
"277";550;556;1;0;0;0;0;0;0;1
"278";575;580;0;0;1;0;0;1;0;0
"279";NA;NA;0;0;0;0;0;0;0;0
"280";567;580;0;0;1;0;0;0;0;1
"281";NA;NA;0;0;0;0;0;0;0;0
"282";NA;587;1;0;0;0;0;0;0;1
"283";NA;NA;0;0;0;0;0;0;0;0
"284";595;595;0;0;1;0;0;0;1;0
"286";542;546;0;0;0;0;1;1;0;0
"287";566;573;0;0;0;1;0;1;0;0
"288";485;508;1;0;0;0;0;0;1;0
"289";NA;551;1;0;0;0;0;1;0;0
"290";538;538;0;0;1;0;0;0;1;0
"291";549;554;0;0;0;0;1;1;0;0
"292";541;554;0;0;0;0;1;1;0;0
"293";570;578;0;1;0;0;0;1;0;0
"294";587;587;0;0;0;1;0;1;0;0
"295";561;581;0;0;0;1;0;1;0;0
"296";585;585;0;0;1;0;0;0;1;0
"297";585;585;0;0;1;0;0;0;1;0
"298";533;545;0;0;0;1;0;1;0;0
"299";549;549;1;0;0;0;0;0;1;0
"300";585;585;0;0;1;0;0;0;1;0
"301";NA;567;1;0;0;0;0;1;0;0
"302";475;494;0;0;0;0;1;1;0;0
"303";549;554;0;0;0;0;1;1;0;0
"304";563;573;0;0;1;0;0;0;1;0
"305";580;590;1;0;0;0;0;0;1;0
"306";614;614;1;0;0;0;0;1;0;0
"307";561;570;0;0;1;0;0;1;0;0
"308";541;541;0;0;0;1;0;0;1;0
"309";538;538;0;0;0;1;0;0;1;0
"310";569;572;0;0;0;1;0;1;0;0
"311";NA;NA;0;0;0;0;0;0;0;0
"312";524;546;0;0;1;0;0;1;0;0
"314";555;614;1;0;0;0;0;0;1;0
"315";585;585;0;0;1;0;0;0;1;0
"316";549;554;0;0;0;1;0;1;0;0
"317";549;549;1;0;0;0;0;1;0;0
"318";532;534;1;0;0;0;0;0;0;1
"319";NA;NA;0;0;0;0;0;0;0;0
"320";541;554;0;0;0;0;1;0;1;0
"321";614;614;0;0;0;1;0;1;0;0
"322";NA;NA;0;0;0;0;0;0;0;0
"323";NA;NA;0;0;0;0;0;0;0;0
"325";614;614;0;0;0;1;0;1;0;0
"326";614;614;0;1;0;0;0;1;0;0
"327";611;614;0;0;1;0;0;0;1;0
"328";540;540;0;0;0;1;0;1;0;0
"329";570;585;1;0;0;0;0;1;0;0
"330";575;576;1;0;0;0;0;0;1;0
"331";589;589;0;0;0;1;0;0;1;0
"332";580;580;0;0;0;1;0;0;1;0
"333";NA;NA;0;0;0;0;0;0;0;0
"334";566;566;1;0;0;0;0;0;0;1
"335";480;480;0;0;0;1;0;0;1;0
"336";575;575;0;0;1;0;0;1;0;0
"337";NA;NA;0;0;0;0;0;0;0;0
"338";614;614;0;1;0;0;0;1;0;0
"339";581;585;1;0;0;0;0;0;0;1
"340";NA;585;0;0;1;0;0;1;0;0
"341";586;587;0;0;0;1;0;1;0;0
"342";561;565;0;0;0;0;1;0;0;1
"343";580;584;0;0;0;1;0;0;0;1
"344";588;595;0;0;0;1;0;1;0;0
"345";506;511;1;0;0;0;0;1;0;0
"346";583;604;0;0;0;0;1;1;0;0
"347";561;575;0;1;0;0;0;1;0;0
"348";573;580;0;0;0;1;0;0;1;0
"349";534;538;1;0;0;0;0;0;1;0
"350";550;555;1;0;0;0;0;0;0;1
"351";517;517;0;0;1;0;0;1;0;0
"352";539;554;0;1;0;0;0;0;0;1
"353";588;588;0;1;0;0;0;0;1;0
"354";NA;NA;0;0;0;0;0;0;0;0
"355";NA;NA;0;0;0;0;0;0;0;0
"356";570;570;0;0;1;0;0;1;0;0
"357";507;512;0;0;0;0;1;0;1;0
"358";512;525;0;0;0;0;1;0;1;0
"359";NA;NA;0;0;0;0;0;0;0;0
"360";488;491;0;0;1;0;0;1;0;0
"361";NA;NA;0;0;0;0;0;0;0;0
"362";570;570;0;0;1;0;0;0;1;0
"363";585;585;0;0;1;0;0;0;1;0
"364";479;511;0;0;1;0;0;1;0;0
"365";517;517;0;0;1;0;0;0;1;0
"366";595;601;0;0;0;0;1;0;1;0
"368";500;505;1;0;0;0;0;0;1;0
"369";609;613;1;0;0;0;0;1;0;0
"370";540;570;0;1;0;0;0;1;0;0
"371";NA;584;0;0;1;0;0;1;0;0
"372";NA;NA;0;0;0;0;0;0;0;0
"373";541;541;1;0;0;0;0;1;0;0
"374";524;524;0;0;0;0;1;0;1;0
"375";552;573;0;0;1;0;0;0;1;0
"376";501;511;1;0;0;0;0;1;0;0
"377";517;517;0;0;0;0;1;1;0;0
"378";585;585;0;0;0;0;1;1;0;0
"379";592;592;0;0;1;0;0;0;1;0
"380";NA;525;1;0;0;0;0;0;1;0
"381";549;549;0;0;1;0;0;0;1;0
"382";561;570;0;0;1;0;0;1;0;0
"383";475;499;0;0;1;0;0;1;0;0
"384";614;614;0;0;0;1;0;1;0;0
"385";NA;NA;0;0;0;0;0;0;0;0
"386";610;610;0;0;0;1;0;1;0;0
"387";610;610;0;0;1;0;0;0;1;0
"388";608;610;0;0;0;1;0;1;0;0
"389";549;552;0;0;0;1;0;0;1;0
"390";NA;575;0;1;0;0;0;0;0;1
"391";614;614;0;0;0;1;0;1;0;0
"392";NA;NA;0;0;0;0;0;0;0;0
"394";561;567;0;0;0;1;0;0;0;1
"395";NA;556;0;0;0;1;0;1;0;0
"396";561;575;0;1;0;0;0;1;0;0
"397";575;588;0;1;0;0;0;1;0;0
"398";NA;NA;0;0;0;0;0;0;0;0
"400";582;585;1;0;0;0;0;1;0;0
"401";590;590;0;1;0;0;0;0;0;1
"402";NA;NA;0;0;0;0;0;0;0;0
"403";511;558;0;0;0;1;0;0;0;1
"404";NA;NA;0;0;0;0;0;0;0;0
"405";585;590;0;0;1;0;0;0;0;1
"406";NA;NA;0;0;0;0;0;0;0;0
"407";507;507;0;1;0;0;0;1;0;0
"408";511;524;0;0;1;0;0;0;0;1
"409";560;565;0;0;0;1;0;0;0;1
"411";481;511;0;0;0;1;0;0;0;1
"412";NA;NA;0;0;0;0;0;0;0;0
"413";511;561;0;0;0;1;0;0;0;1
"414";NA;NA;0;0;0;0;0;0;0;0
"415";NA;NA;0;0;0;0;0;0;0;0
"416";492;511;0;0;0;1;0;0;0;1
"417";567;590;1;0;0;0;0;0;1;0
"418";561;582;0;0;0;1;0;0;0;1
"419";NA;NA;0;0;0;0;0;0;0;0
"420";506;533;1;0;0;0;0;1;0;0
"421";NA;590;0;0;1;0;0;1;0;0
"422";580;584;0;0;0;1;0;1;0;0
"423";485;506;1;0;0;0;0;1;0;0
"424";549;554;0;0;0;0;1;0;1;0
"425";NA;NA;0;0;0;0;0;0;0;0
"426";510;512;0;1;0;0;0;0;1;0
"427";515;520;0;0;1;0;0;1;0;0
"428";530;545;0;0;1;0;0;0;1;0
"429";541;541;0;0;0;0;1;1;0;0
"430";587;587;0;1;0;0;0;1;0;0
"431";585;585;0;0;1;0;0;0;1;0
"432";NA;NA;0;0;0;0;0;0;0;0
"433";520;540;0;0;0;1;0;0;0;1
"435";541;552;0;0;0;0;1;1;0;0
"436";NA;NA;0;0;0;0;0;0;0;0
"437";549;573;0;0;0;0;1;1;0;0
"438";590;605;0;0;1;0;0;0;1;0
"439";590;600;0;0;1;0;0;0;1;0
"440";511;534;0;1;0;0;0;1;0;0
"442";578;589;1;0;0;0;0;0;1;0
"443";NA;NA;0;0;0;0;0;0;0;0
"444";NA;NA;0;0;0;0;0;0;0;0
"445";515;517;0;0;1;0;0;1;0;0
"446";517;529;0;0;0;0;1;1;0;0
"447";549;579;0;0;1;0;0;1;0;0
"448";485;499;0;0;1;0;0;0;1;0
"449";514;535;0;0;0;0;1;1;0;0
"450";580;590;0;1;0;0;0;1;0;0
"452";511;520;0;0;0;1;0;1;0;0
"453";561;575;0;1;0;0;0;1;0;0
"454";554;554;0;0;0;0;1;0;1;0
"455";500;511;1;0;0;0;0;1;0;0
"456";511;561;1;0;0;0;0;0;1;0
"457";514;549;0;0;0;0;1;1;0;0
"458";538;538;0;0;0;1;0;0;1;0
"459";554;554;0;0;0;0;1;0;1;0
"460";490;490;0;0;1;0;0;1;0;0
"461";524;580;1;0;0;0;0;1;0;0
"462";541;541;1;0;0;0;0;1;0;0
"463";614;650;0;0;1;0;0;1;0;0
"464";NA;NA;0;0;0;0;0;0;0;0
"465";534;541;1;0;0;0;0;0;0;1
"466";535;535;1;0;0;0;0;1;0;0
"467";541;588;0;0;0;0;1;1;0;0
"468";529;554;0;1;0;0;0;1;0;0
"469";549;551;1;0;0;0;0;1;0;0
"470";NA;570;0;0;1;0;0;0;1;0
"471";585;585;0;0;1;0;0;0;1;0
"472";524;524;0;0;0;0;1;0;1;0
"473";527;532;0;0;1;0;0;1;0;0
"475";573;585;0;0;0;0;1;1;0;0
"476";585;NA;1;0;0;0;0;1;0;0
"477";585;NA;1;0;0;0;0;1;0;0
"478";605;623;0;0;1;0;0;1;0;0
"479";NA;612;0;0;1;0;0;0;1;0
"480";586;605;1;0;0;0;0;0;1;0
"481";522;542;0;0;0;0;1;0;1;0
"482";590;604;1;0;0;0;0;1;0;0
"483";575;587;0;0;0;0;1;1;0;0
"484";521;522;0;0;0;1;0;1;0;0
"485";575;583;1;0;0;0;0;0;1;0
"486";NA;NA;0;0;0;0;0;0;0;0
"487";582;584;0;0;0;1;0;1;0;0
"488";540;560;0;0;0;1;0;1;0;0
"489";480;513;0;0;1;0;0;1;0;0
"490";535;560;0;1;0;0;0;1;0;0
"491";555;567;0;0;0;1;0;1;0;0
"492";534;537;0;0;1;0;0;1;0;0
"493";NA;NA;0;0;0;0;0;0;0;0
"494";550;559;0;0;0;1;0;0;1;0
"495";500;506;0;0;1;0;0;1;0;0
"496";592;609;0;0;1;0;0;0;1;0
"497";587;587;0;0;0;1;0;1;0;0
"498";NA;515;0;0;1;0;0;0;1;0
"499";584;589;0;0;0;1;0;1;0;0
"500";527;527;0;0;1;0;0;1;0;0
"501";540;559;0;0;1;0;0;0;1;0
"502";585;589;0;1;0;0;0;1;0;0
"503";614;614;0;0;1;0;0;1;0;0
"505";570;591;0;1;0;0;0;1;0;0
"506";575;596;0;1;0;0;0;1;0;0
"507";561;584;0;0;0;1;0;1;0;0
"509";587;589;0;0;0;1;0;0;0;1
"510";511;511;0;0;0;1;0;1;0;0
"511";538;549;0;0;0;1;0;0;1;0
"512";514;514;0;0;0;0;1;0;1;0
"513";549;552;0;0;0;1;0;1;0;0
"514";560;590;0;1;0;0;0;1;0;0
"516";589;589;0;1;0;0;0;1;0;0
"517";485;490;1;0;0;0;0;1;0;0
"518";535;540;1;0;0;0;0;1;0;0
"519";579;580;0;1;0;0;0;1;0;0
"520";486;496;0;0;0;1;0;0;0;1
"521";NA;NA;0;0;0;0;0;0;0;0
"522";527;555;0;0;1;0;0;1;0;0
"523";549;549;1;0;0;0;0;0;1;0
"524";579;585;0;0;0;0;1;1;0;0
"525";555;570;1;0;0;0;0;1;0;0
"526";NA;NA;0;0;0;0;0;0;0;0
"527";524;524;0;0;0;0;1;1;0;0
"528";533;535;0;0;0;0;1;1;0;0
"529";614;614;1;0;0;0;0;1;0;0
"530";575;577;1;0;0;0;0;0;0;1
"531";585;585;0;0;1;0;0;0;1;0
"532";485;530;1;0;0;0;0;0;1;0
"533";537;581;1;0;0;0;0;1;0;0
"534";555;565;1;0;0;0;0;0;1;0
"535";511;511;0;0;0;1;0;1;0;0
"536";549;554;0;0;0;0;1;0;1;0
"537";570;590;0;1;0;0;0;0;1;0
"538";575;590;0;0;1;0;0;0;1;0
"539";591;610;0;0;1;0;0;0;1;0
"540";614;614;0;0;0;1;0;1;0;0
"541";524;533;0;0;0;0;1;1;0;0
"542";529;543;0;0;0;0;1;1;0;0
"543";614;614;0;1;0;0;0;1;0;0
"544";491;515;1;0;0;0;0;1;0;0
"546";571;571;1;0;0;0;0;0;1;0
"547";505;507;1;0;0;0;0;1;0;0
"548";NA;NA;0;0;0;0;0;0;0;0
"549";494;494;0;0;0;0;1;0;1;0
"550";550;556;0;0;0;1;0;0;1;0
"551";520;525;0;0;1;0;0;0;1;0
"552";605;614;0;0;0;1;0;1;0;0
"553";457;490;0;0;1;0;0;0;1;0
"554";585;590;1;0;0;0;0;0;0;1
"555";490;500;0;0;0;1;0;1;0;0
"556";530;549;0;0;0;1;0;1;0;0
"557";584;590;0;0;0;1;0;0;1;0
"558";560;580;0;0;0;1;0;1;0;0
"559";585;585;0;0;1;0;0;0;1;0
"560";591;610;0;0;1;0;0;0;1;0
"561";580;584;0;0;0;1;0;0;0;1
"562";NA;NA;0;0;0;0;0;0;0;0
"563";485;491;1;0;0;0;0;0;1;0
"564";511;511;0;0;1;0;0;1;0;0
"565";533;555;1;0;0;0;0;1;0;0
"566";543;554;0;0;0;0;1;1;0;0
"567";570;581;0;0;0;0;1;0;1;0
"568";581;585;0;0;1;0;0;1;0;0
"569";575;596;0;1;0;0;0;1;0;0
"570";NA;591;0;0;0;1;0;1;0;0
"571";614;614;0;0;0;0;1;1;0;0
"572";614;622;1;0;0;0;0;1;0;0
"573";575;590;0;0;0;1;0;0;1;0
"574";555;570;0;0;1;0;0;0;1;0
"575";NA;591;0;0;1;0;0;0;1;0
"576";NA;NA;0;0;0;0;0;0;0;0
"577";511;520;0;0;0;1;0;1;0;0
"578";575;590;0;0;0;1;0;0;1;0
"579";568;568;0;0;1;0;0;0;1;0
"580";535;535;1;0;0;0;0;0;0;1
"581";540;541;1;0;0;0;0;1;0;0
"582";581;586;0;0;1;0;0;1;0;0
"583";589;589;0;1;0;0;0;1;0;0
"584";538;538;0;0;1;0;0;0;1;0
"585";550;565;1;0;0;0;0;1;0;0
"586";549;554;0;0;0;0;1;1;0;0
"587";NA;NA;0;0;0;0;0;0;0;0
"588";587;590;0;1;0;0;0;0;0;1
"589";511;532;0;1;0;0;0;1;0;0
"590";567;576;0;0;0;1;0;1;0;0
"591";567;584;0;0;0;1;0;1;0;0
"592";613;614;0;0;1;0;0;0;0;1
"593";486;510;0;0;0;1;0;1;0;0
"594";570;584;1;0;0;0;0;0;1;0
"595";433;460;0;0;0;0;1;0;1;0
"596";549;549;0;0;0;0;1;1;0;0
"597";585;585;1;0;0;0;0;1;0;0
"598";485;499;0;0;1;0;0;0;1;0
"599";555;565;1;0;0;0;0;0;1;0
"600";549;582;0;0;0;1;0;1;0;0
"601";NA;NA;0;0;0;0;0;0;0;0
"602";570;575;1;0;0;0;0;1;0;0
"603";585;585;0;0;1;0;0;1;0;0
"604";588;588;0;1;0;0;0;1;0;0
"605";585;590;0;0;1;0;0;1;0;0
"606";575;580;0;0;1;0;0;1;0;0
"607";553;581;0;0;0;0;1;1;0;0
"608";565;591;1;0;0;0;0;1;0;0
"609";561;562;0;0;0;1;0;1;0;0
"610";NA;NA;0;0;0;0;0;0;0;0
"611";NA;NA;0;0;0;0;0;0;0;0
"613";585;585;0;0;1;0;0;0;1;0
"614";510;540;0;0;1;0;0;0;1;0
"615";NA;NA;0;0;0;0;0;0;0;0
"616";500;500;0;1;0;0;0;1;0;0
"617";534;553;0;0;0;0;1;1;0;0
"618";555;555;1;0;0;0;0;0;0;1
"620";560;570;0;0;0;1;0;0;1;0
"621";614;614;1;0;0;0;0;1;0;0
"622";NA;NA;0;0;0;0;0;0;0;0
"623";500;500;0;0;1;0;0;1;0;0
"624";557;557;0;0;0;0;1;0;1;0
"625";587;590;0;1;0;0;0;1;0;0
"626";490;490;0;0;0;1;0;1;0;0
"627";529;544;0;0;0;1;0;1;0;0
"628";535;NA;0;1;0;0;0;1;0;0
"629";570;580;0;0;1;0;0;1;0;0
"630";550;570;0;1;0;0;0;1;0;0
"631";585;590;0;1;0;0;0;1;0;0
"632";NA;NA;0;0;0;0;0;0;0;0
"633";561;565;0;0;1;0;0;1;0;0
"634";485;485;0;0;0;0;1;0;1;0
"635";NA;NA;0;0;0;0;0;0;0;0
"636";517;524;0;0;0;0;1;1;0;0
"637";517;524;0;0;0;0;1;1;0;0
"638";613;614;0;0;0;0;1;1;0;0
"639";576;597;1;0;0;0;0;0;1;0
"640";527;529;0;0;0;1;0;1;0;0
"641";566;566;0;0;0;0;1;1;0;0
"642";585;585;0;0;1;0;0;0;1;0
"643";485;490;1;0;0;0;0;0;1;0
"644";614;614;1;0;0;0;0;1;0;0
"645";NA;NA;0;0;0;0;0;0;0;0
"646";561;561;1;0;0;0;0;0;1;0
"647";585;585;0;0;1;0;0;0;1;0
"648";520;520;0;1;0;0;0;1;0;0
"649";480;490;0;0;0;1;0;1;0;0
"650";574;575;1;0;0;0;0;1;0;0
"651";582;582;1;0;0;0;0;0;1;0
"652";609;613;0;0;1;0;0;0;0;1
"653";549;549;0;0;0;1;0;1;0;0
"654";561;567;0;0;0;1;0;0;0;1
"655";506;506;1;0;0;0;0;1;0;0
"656";585;592;1;0;0;0;0;0;0;1
"657";589;594;0;0;0;1;0;0;0;1
"658";524;549;0;0;0;0;1;1;0;0
"659";573;581;0;0;1;0;0;1;0;0
"660";589;589;0;1;0;0;0;1;0;0
"661";510;515;1;0;0;0;0;0;1;0
"662";520;549;0;0;1;0;0;1;0;0
"663";580;585;0;0;1;0;0;0;0;1
"664";595;610;0;0;1;0;0;0;1;0
"665";584;585;1;0;0;0;0;0;0;1
"666";584;585;0;1;0;0;0;0;0;1
"667";555;561;0;0;0;0;0;0;0;1
"668";555;555;0;1;0;0;0;1;0;0
"669";573;580;0;1;0;0;0;1;0;0
"670";508;510;0;0;0;0;1;1;0;0
"671";515;517;0;0;0;0;1;1;0;0
"672";505;515;1;0;0;0;0;0;1;0
"673";573;573;0;0;0;0;1;1;0;0
"674";535;549;0;1;0;0;0;1;0;0
"675";NA;NA;0;0;0;0;0;0;0;0
"676";585;585;0;0;1;0;0;0;1;0
"677";NA;NA;0;0;0;0;0;0;0;0
"678";540;550;1;0;0;0;0;0;0;1
"679";567;568;0;0;0;1;0;0;0;1
"680";523;526;0;0;1;0;0;0;1;0
"681";511;529;0;0;0;1;0;1;0;0
"682";560;560;0;0;0;1;0;0;0;1
"683";506;506;1;0;0;0;0;1;0;0
"684";473;500;0;0;1;0;0;0;0;1
"685";575;587;0;1;0;0;0;0;0;1
"686";NA;NA;0;0;0;0;0;0;0;0
"687";524;534;0;0;1;0;0;0;0;1
"689";567;575;0;1;0;0;0;1;0;0
"692";549;562;0;0;0;1;0;1;0;0
"694";535;549;0;0;1;0;0;1;0;0
"695";541;541;0;0;0;0;1;0;1;0
"696";506;506;1;0;0;0;0;1;0;0
"697";506;506;1;0;0;0;0;1;0;0
"698";NA;NA;0;0;0;0;0;0;0;0
"699";466;506;0;0;1;0;0;0;0;1
"700";513;525;0;0;1;0;0;1;0;0
"701";563;573;0;0;1;0;0;0;1;0
"702";NA;NA;0;0;0;0;0;0;0;0
"703";585;590;0;1;0;0;0;1;0;0
"704";584;585;1;0;0;0;0;0;0;1
"705";595;605;0;1;0;0;0;1;0;0
"706";614;614;1;0;0;0;0;1;0;0
"707";NA;NA;0;0;0;0;0;0;0;0
"708";477;516;0;0;1;0;0;0;0;1
"709";573;575;0;1;0;0;0;0;0;1
"710";585;585;0;0;0;1;0;0;0;1
"711";614;627;0;0;0;1;0;1;0;0
"712";595;610;0;0;1;0;0;0;1;0
"713";515;524;0;0;1;0;0;0;0;1
"714";NA;552;0;0;0;1;0;0;1;0
"715";NA;NA;0;0;0;0;0;0;0;0
"716";614;614;1;0;0;0;0;1;0;0
"717";NA;NA;0;0;0;0;0;0;0;0
"718";584;585;0;0;1;0;0;1;0;0
"719";500;506;1;0;0;0;0;1;0;0
"720";510;515;0;0;0;1;0;1;0;0
"721";527;541;0;0;1;0;0;1;0;0
"722";NA;558;0;0;0;1;0;1;0;0
"723";573;585;0;0;0;0;1;1;0;0
"724";600;600;0;0;0;1;0;0;1;0
"725";577;577;0;0;1;0;0;0;0;1
"726";525;542;0;1;0;0;0;1;0;0
"727";475;490;0;0;1;0;0;1;0;0
"728";540;540;0;0;1;0;0;1;0;0
"729";573;604;0;0;1;0;0;1;0;0
"731";520;540;1;0;0;0;0;1;0;0
"732";549;554;0;0;0;0;1;1;0;0
"733";573;580;0;0;0;1;0;0;1;0
"734";614;614;0;1;0;0;0;1;0;0
"735";614;627;0;0;0;1;0;1;0;0
"736";602;630;0;0;0;1;0;1;0;0
"737";511;534;0;1;0;0;0;0;0;1
"738";614;627;1;0;0;0;0;1;0;0
"739";492;496;0;0;0;0;1;1;0;0
"740";NA;NA;0;0;0;0;0;0;0;0
"741";533;535;1;0;0;0;0;1;0;0
"742";554;554;0;0;0;0;1;0;1;0
"743";515;525;1;0;0;0;0;0;0;1
"745";NA;515;0;0;1;0;0;0;1;0
"746";508;512;0;0;0;0;1;0;1;0
"747";585;585;0;0;1;0;0;0;1;0
"748";NA;NA;0;0;0;0;0;0;0;0
"749";506;506;1;0;0;0;0;0;1;0
"750";561;565;0;0;0;1;0;0;0;1
"751";577;590;0;0;0;1;0;0;1;0
"752";517;538;0;0;0;1;0;0;0;1
"753";529;546;0;0;0;1;0;1;0;0
"754";580;584;0;0;0;1;0;1;0;0
"755";524;559;0;0;0;1;0;1;0;0
"756";584;585;1;0;0;0;0;0;0;1
"757";614;614;0;0;0;0;1;1;0;0
"758";525;525;1;0;0;0;0;0;1;0
"759";584;584;0;1;0;0;0;1;0;0
"760";506;545;0;0;1;0;0;0;1;0
"761";500;510;0;0;0;0;1;1;0;0
"762";506;506;0;0;0;0;1;0;1;0
"763";520;520;0;0;1;0;0;0;1;0
"764";543;545;0;0;0;0;1;0;1;0
"765";NA;NA;0;0;0;0;0;0;0;0
"766";570;575;0;1;0;0;0;1;0;0
"767";585;590;1;0;0;0;0;0;1;0
"768";573;582;0;0;0;1;0;0;1;0
"769";585;585;0;0;0;0;1;1;0;0
"770";614;614;1;0;0;0;0;1;0;0
"771";567;573;0;0;0;0;1;1;0;0
"772";475;506;0;0;0;0;1;1;0;0
"773";517;529;0;0;0;0;1;1;0;0
"774";518;528;0;0;1;0;0;1;0;0
"775";533;551;1;0;0;0;0;1;0;0
"776";NA;571;1;0;0;0;0;0;1;0
"777";590;590;1;0;0;0;0;0;1;0
"778";567;575;0;0;0;1;0;0;0;1
"779";515;515;0;0;1;0;0;0;1;0
"780";541;541;1;0;0;0;0;0;1;0
"781";573;585;1;0;0;0;0;1;0;0
"782";490;500;0;0;1;0;0;1;0;0
"783";565;570;0;0;1;0;0;0;1;0
"784";539;548;0;1;0;0;0;0;0;1
"785";561;565;0;0;0;1;0;1;0;0
"788";561;575;1;0;0;0;0;0;0;1
"789";614;614;0;0;0;1;0;1;0;0
"790";573;573;0;0;1;0;0;0;1;0
"791";585;585;0;0;1;0;0;0;1;0
"792";533;533;1;0;0;0;0;0;1;0
"793";533;565;0;0;0;1;0;1;0;0
"794";600;610;0;0;1;0;0;1;0;0
"795";506;506;0;0;0;1;0;0;1;0
"796";512;540;0;0;1;0;0;1;0;0
"797";NA;526;0;0;0;1;0;0;1;0
"798";542;542;0;0;0;0;1;0;1;0
"799";NA;NA;0;0;0;0;0;0;0;0
"800";NA;NA;0;0;0;0;0;0;0;0
"801";573;585;0;0;0;1;0;0;1;0
"802";580;NA;0;0;1;0;0;0;1;0
"803";512;520;1;0;0;0;0;0;1;0
"804";565;576;0;0;0;1;0;1;0;0
"805";581;614;0;0;0;1;0;1;0;0
"806";584;585;0;0;0;1;0;1;0;0
"807";576;576;1;0;0;0;0;0;1;0
"808";585;585;0;0;1;0;0;0;1;0
"809";513;518;0;0;1;0;0;0;1;0
"810";506;506;1;0;0;0;0;1;0;0
"811";511;512;0;0;0;1;0;1;0;0
"812";NA;NA;0;0;0;0;0;0;0;0
"813";500;506;0;0;0;0;1;1;0;0
"814";511;511;1;0;0;0;0;1;0;0
"815";524;524;0;0;0;0;1;0;1;0
"816";533;533;0;0;1;0;0;1;0;0
"817";540;545;0;0;1;0;0;1;0;0
"818";541;549;1;0;0;0;0;1;0;0
"819";550;570;1;0;0;0;0;1;0;0
"820";610;616;0;0;1;0;0;0;1;0
"821";NA;NA;0;0;0;0;0;0;0;0
"822";555;556;0;0;0;1;0;0;1;0
"823";586;600;1;0;0;0;0;0;1;0
"824";NA;NA;0;0;0;0;0;0;0;0
"825";538;549;0;0;0;1;0;1;0;0
"826";567;567;0;0;0;1;0;1;0;0
"827";585;585;0;0;1;0;0;0;1;0
"828";614;614;0;0;1;0;0;1;0;0
"829";NA;NA;0;0;0;0;0;0;0;0
"830";614;614;1;0;0;0;0;1;0;0
"831";567;573;0;0;0;1;0;1;0;0
"832";580;614;0;1;0;0;0;1;0;0
"833";609;614;0;0;0;1;0;1;0;0
"834";596;596;0;1;0;0;0;0;1;0
"835";511;511;0;0;0;1;0;1;0;0
"836";552;555;0;0;0;1;0;1;0;0
"837";490;500;0;0;1;0;0;1;0;0
"838";511;534;0;0;0;0;1;1;0;0
"839";549;584;1;0;0;0;0;1;0;0
"840";554;554;0;0;0;0;1;0;1;0
"841";573;585;1;0;0;0;0;1;0;0
"842";NA;586;0;0;1;0;0;1;0;0
"843";504;505;0;0;0;0;1;1;0;0
"844";NA;507;0;0;0;1;0;0;1;0
"845";538;549;0;0;0;1;0;1;0;0
"846";592;608;0;0;0;1;0;1;0;0
"847";560;574;0;0;0;0;1;0;1;0
"848";511;511;0;0;0;1;0;1;0;0
"849";614;614;0;0;0;0;1;1;0;0
"850";NA;487;0;0;1;0;0;1;0;0
"851";541;573;0;0;1;0;0;1;0;0
"852";527;534;0;0;0;0;1;1;0;0
"853";584;584;1;0;0;0;0;0;1;0
"854";522;542;0;0;0;0;1;0;1;0
"855";NA;NA;0;0;0;0;0;0;0;0
"856";511;541;1;0;0;0;0;1;0;0
"858";511;533;0;0;0;1;0;1;0;0
"859";520;525;0;0;1;0;0;0;1;0
"860";535;541;0;1;0;0;0;1;0;0
"861";576;586;0;0;0;1;0;0;1;0
"862";NA;NA;0;0;0;0;0;0;0;0
"863";561;581;0;1;0;0;0;0;0;1
"865";595;601;0;0;1;0;0;1;0;0
"866";602;602;0;0;1;0;0;0;1;0
"867";609;623;0;0;1;0;0;1;0;0
"868";587;590;1;0;0;0;0;0;0;1
"869";496;508;0;1;0;0;0;0;1;0
"870";550;560;0;0;0;1;0;1;0;0
"871";570;575;0;1;0;0;0;0;1;0
"872";561;565;0;0;1;0;0;0;0;1
"873";NA;NA;0;0;0;0;0;0;0;0
"875";610;627;0;0;0;1;0;1;0;0
"876";570;587;0;1;0;0;0;1;0;0
"877";561;575;0;1;0;0;0;0;0;1
"878";584;585;1;0;0;0;0;1;0;0
"879";549;554;0;0;0;0;1;1;0;0
"881";NA;NA;0;0;0;0;0;0;0;0
"882";584;584;0;0;0;1;0;1;0;0
"883";549;560;0;1;0;0;0;1;0;0
"884";561;566;1;0;0;0;0;0;0;1
"885";566;566;0;0;1;0;0;0;0;1
"886";463;510;0;0;1;0;0;1;0;0
"887";506;514;0;0;0;0;1;1;0;0
"888";506;533;1;0;0;0;0;1;0;0
"889";NA;NA;0;0;0;0;0;0;0;0
"890";NA;581;0;0;0;0;1;0;1;0
"891";614;614;0;0;0;0;1;1;0;0
"892";614;614;0;0;0;1;0;1;0;0
"893";NA;567;0;0;0;1;0;0;0;1
"894";541;549;0;0;1;0;0;1;0;0
"895";579;583;0;0;0;1;0;1;0;0
"896";577;577;0;0;0;1;0;1;0;0
"897";520;520;0;0;0;0;1;0;1;0
"898";549;549;0;0;0;0;1;0;1;0
"899";574;594;0;0;1;0;0;1;0;0
"900";567;592;1;0;0;0;0;1;0;0
"901";581;585;0;0;1;0;0;1;0;0
"902";538;538;0;0;0;1;0;0;1;0
"903";592;592;0;0;1;0;0;0;1;0
"904";590;612;0;0;1;0;0;0;1;0
"905";573;580;0;0;1;0;0;0;1;0
"907";506;506;1;0;0;0;0;1;0;0
"908";551;554;0;0;0;0;1;1;0;0
"909";NA;580;1;0;0;0;0;1;0;0
"910";511;511;0;0;0;1;0;1;0;0
"911";506;515;1;0;0;0;0;0;1;0
"912";486;505;0;1;0;0;0;1;0;0
"913";513;528;0;0;1;0;0;1;0;0
"914";524;541;0;0;0;0;1;1;0;0
"915";549;549;1;0;0;0;0;1;0;0
"916";570;570;0;0;1;0;0;1;0;0
"917";614;614;0;0;1;0;0;1;0;0
"918";NA;545;0;0;0;1;0;0;1;0
"919";580;584;0;0;0;1;0;1;0;0
"920";585;585;0;0;1;0;0;0;1;0
"921";549;552;0;0;0;1;0;1;0;0
"922";549;549;0;1;0;0;0;0;1;0
"923";511;519;0;0;0;1;0;1;0;0
"924";549;549;0;0;1;0;0;1;0;0
"925";577;584;0;0;0;1;0;1;0;0
"926";500;520;0;0;0;0;1;1;0;0
"927";NA;NA;0;0;0;0;0;0;0;0
"928";601;601;0;0;0;0;1;1;0;0
"929";563;565;0;0;0;1;0;0;0;1
"930";NA;NA;0;0;0;0;0;0;0;0
"931";508;514;0;0;0;0;1;1;0;0
"932";609;614;0;0;1;0;0;1;0;0
"933";541;541;1;0;0;0;0;0;1;0
"934";538;538;0;1;0;0;0;1;0;0
"935";NA;486;0;1;0;0;0;1;0;0
"936";511;511;0;0;0;1;0;1;0;0
"937";514;534;0;0;0;0;1;1;0;0
"939";NA;NA;0;0;0;0;0;0;0;0
"940";561;567;0;0;0;1;0;1;0;0
"941";534;548;0;1;0;0;0;1;0;0
"942";NA;572;0;0;1;0;0;0;1;0
"943";567;584;0;0;0;1;0;1;0;0
"944";NA;NA;0;0;0;0;0;0;0;0
"945";570;572;0;0;1;0;0;1;0;0
"946";NA;NA;0;0;0;0;0;0;0;0
"947";550;555;0;0;0;0;1;1;0;0
"948";581;587;0;0;1;0;0;1;0;0
"949";570;580;1;0;0;0;0;0;1;0
"950";575;580;1;0;0;0;0;0;0;1
"951";540;560;0;0;1;0;0;1;0;0
"952";NA;NA;0;0;0;0;0;0;0;0
"953";511;511;0;0;0;1;0;1;0;0
"954";557;557;0;0;0;0;1;0;1;0
"955";555;560;0;0;1;0;0;0;0;1
"956";580;590;1;0;0;0;0;1;0;0
"957";506;511;1;0;0;0;0;1;0;0
"958";NA;525;1;0;0;0;0;0;1;0
"959";543;552;0;0;1;0;0;0;1;0
"960";585;585;0;0;0;1;0;0;0;1
"961";585;585;1;0;0;0;0;0;0;1
"962";515;520;1;0;0;0;0;0;1;0
"963";585;585;0;0;1;0;0;0;1;0
"964";581;582;1;0;0;0;0;0;0;1
"965";582;591;0;0;0;1;0;1;0;0
"966";585;585;0;0;1;0;0;0;1;0
"968";590;590;0;1;0;0;0;0;0;1
"969";585;585;1;0;0;0;0;0;0;1
"970";590;590;0;1;0;0;0;0;0;1
"971";490;522;1;0;0;0;0;0;1;0
"972";NA;NA;0;0;0;0;0;0;0;0
"973";538;538;1;0;0;0;0;0;1;0
"974";525;527;0;0;1;0;0;1;0;0
"975";549;549;0;0;0;0;1;0;1;0
"976";573;585;0;0;0;0;1;1;0;0
"977";506;506;1;0;0;0;0;0;1;0
"978";533;533;0;0;1;0;0;0;1;0
"979";584;585;1;0;0;0;0;1;0;0
"980";590;590;0;1;0;0;0;1;0;0
"981";NA;NA;0;0;0;0;0;0;0;0
"982";549;554;0;0;0;0;1;1;0;0
"983";561;571;1;0;0;0;0;0;0;1
"984";573;589;1;0;0;0;0;1;0;0
"985";614;614;1;0;0;0;0;1;0;0
"986";NA;NA;0;0;0;0;0;0;0;0
"987";541;NA;0;1;0;0;0;1;0;0
"988";NA;NA;0;0;0;0;0;0;0;0
"989";541;549;0;0;1;0;0;1;0;0
"990";560;572;0;0;1;0;0;0;1;0
"991";573;585;0;0;0;1;0;1;0;0
"992";581;585;0;0;0;0;1;1;0;0
"993";533;549;0;0;0;1;0;1;0;0
"995";535;535;0;1;0;0;0;0;1;0
"996";506;506;1;0;0;0;0;0;1;0
"997";517;517;0;0;0;0;1;0;1;0
"998";458;488;0;0;0;1;0;1;0;0
"999";533;541;0;0;0;1;0;1;0;0
"1000";517;533;0;0;0;0;1;1;0;0
"1001";610;613;0;1;0;0;0;1;0;0
"1002";534;540;0;0;0;0;1;1;0;0
"1003";565;570;1;0;0;0;0;1;0;0
"1004";529;534;0;0;0;0;1;1;0;0
"1005";561;567;1;0;0;0;0;1;0;0
"1006";461;491;0;0;0;1;0;1;0;0
"1007";NA;508;1;0;0;0;0;0;1;0
"1008";494;497;0;0;1;0;0;1;0;0
"1009";490;510;0;0;1;0;0;1;0;0
"1010";539;557;0;0;1;0;0;0;1;0
"1011";568;577;0;0;1;0;0;0;1;0
"1012";585;585;0;0;1;0;0;1;0;0
"1013";559;573;0;0;1;0;0;1;0;0
"1014";NA;NA;0;0;0;0;0;0;0;0
"1015";555;561;0;0;1;0;0;0;0;1
"1016";506;506;0;0;0;0;1;1;0;0
"1017";NA;NA;0;0;0;0;0;0;0;0
"1018";573;586;0;0;0;1;0;1;0;0
"1019";594;596;0;0;0;1;0;1;0;0
"1020";506;506;1;0;0;0;0;1;0;0
"1021";506;506;1;0;0;0;0;0;1;0
"1022";500;511;1;0;0;0;0;1;0;0
"1023";514;514;0;0;0;0;1;1;0;0
"1024";542;545;0;0;0;0;1;0;1;0
"1025";549;549;0;0;0;0;1;0;1;0
"1026";570;578;0;1;0;0;0;1;0;0
"1027";550;574;0;0;1;0;0;0;1;0
"1028";614;614;0;0;0;0;1;1;0;0
"1029";568;579;0;0;0;0;0;1;0;0
"1030";550;561;1;0;0;0;0;1;0;0
"1031";581;585;0;0;0;0;1;1;0;0
"1032";570;570;0;0;1;0;0;0;1;0
"1033";557;568;0;0;1;0;0;0;1;0
"1034";538;561;0;0;1;0;0;1;0;0
"1035";556;557;0;0;0;0;1;1;0;0
"1036";580;591;0;0;0;1;0;0;1;0
"1037";506;506;1;0;0;0;0;0;1;0
"1038";573;573;1;0;0;0;0;1;0;0
"1039";585;585;0;0;0;0;1;1;0;0
"1040";506;506;0;0;0;0;1;0;1;0
"1041";NA;NA;0;0;0;0;0;0;0;0
"1042";NA;NA;0;0;0;0;0;0;0;0
"1043";496;500;0;0;0;0;1;1;0;0
"1044";491;496;0;0;0;0;1;0;1;0
"1045";590;590;1;0;0;0;0;0;1;0
"1046";524;533;0;0;0;0;1;1;0;0
"1047";534;534;1;0;0;0;0;0;1;0
"1048";470;486;0;1;0;0;0;1;0;0
"1049";490;500;0;0;0;1;0;0;1;0
"1050";515;530;0;0;0;1;0;1;0;0
"1051";610;610;0;0;1;0;0;0;1;0
"1053";517;545;0;0;0;0;1;1;0;0
"1054";549;554;0;0;0;0;1;1;0;0
"1055";561;586;0;0;0;1;0;1;0;0
"1056";517;517;0;0;1;0;0;1;0;0
"1058";496;511;0;0;0;1;0;1;0;0
"1059";573;587;0;0;1;0;0;1;0;0
"1060";506;506;0;0;0;0;1;1;0;0
"1061";520;530;0;0;0;1;0;1;0;0
"1062";580;590;0;0;0;1;0;0;1;0
"1063";541;551;1;0;0;0;0;0;1;0
"1064";NA;515;0;0;1;0;0;0;1;0
"1065";549;549;0;0;0;0;1;0;1;0
"1066";533;551;1;0;0;0;0;1;0;0
"1067";520;530;0;1;0;0;0;1;0;0
"1068";573;573;0;0;0;0;1;1;0;0
"1069";573;575;0;0;0;1;0;1;0;0
"1070";507;515;1;0;0;0;0;1;0;0
"1071";519;521;0;0;0;1;0;1;0;0
"1072";581;581;0;0;0;0;1;0;1;0
"1073";551;560;1;0;0;0;0;1;0;0
"1074";527;533;0;0;0;0;1;1;0;0
"1075";593;614;0;0;1;0;0;1;0;0
"1076";596;596;0;0;0;0;1;1;0;0
"1077";512;520;0;1;0;0;0;1;0;0
"1078";549;549;0;1;0;0;0;0;1;0
"1079";554;554;0;0;0;0;1;0;1;0
"1080";485;511;1;0;0;0;0;1;0;0
"1081";587;588;0;1;0;0;0;1;0;0
"1082";538;550;0;0;0;1;0;0;0;1
"1083";486;510;0;0;0;1;0;0;0;1
"1084";567;567;0;0;0;1;0;0;1;0
"1085";NA;581;1;0;0;0;0;0;0;1
"1086";581;585;0;0;1;0;0;1;0;0
"1087";NA;NA;0;0;0;0;0;0;0;0
"1088";585;585;0;1;0;0;0;0;0;1
"1089";590;590;0;1;0;0;0;0;0;1
"1090";614;654;0;0;1;0;0;1;0;0
"1091";590;590;0;0;0;1;0;1;0;0
"1092";459;533;0;1;0;0;0;1;0;0
"1093";581;584;1;0;0;0;0;1;0;0
"1094";NA;NA;0;0;0;0;0;0;0;0
"1095";580;590;1;0;0;0;0;1;0;0
"1096";NA;NA;0;0;0;0;0;0;0;0
"1097";NA;NA;0;0;0;0;0;0;0;0
"1098";573;573;0;0;1;0;0;1;0;0
"1099";570;573;0;0;0;1;0;0;1;0
"1100";576;580;0;0;0;1;0;0;1;0
"1101";NA;NA;0;0;0;0;0;0;0;0
"1103";614;614;0;1;0;0;0;1;0;0
"1104";NA;NA;0;0;0;0;0;0;0;0
"1105";614;614;0;0;1;0;0;1;0;0
"1107";567;586;0;0;0;1;0;1;0;0
"1108";585;585;0;0;1;0;0;0;1;0
"1109";533;535;0;1;0;0;0;1;0;0
"1110";555;558;0;0;1;0;0;1;0;0
"1111";571;571;1;0;0;0;0;0;0;1
"1112";600;612;0;1;0;0;0;1;0;0
"1113";585;585;0;0;1;0;0;0;1;0
"1114";NA;576;0;0;0;1;0;0;0;1
"1115";556;558;0;0;0;1;0;1;0;0
"1116";584;585;1;0;0;0;0;1;0;0
"1117";541;549;0;0;1;0;0;1;0;0
"1118";485;510;1;0;0;0;0;1;0;0
"1120";520;550;1;0;0;0;0;1;0;0
"1121";561;574;0;0;0;0;1;0;1;0
"1122";495;505;1;0;0;0;0;0;1;0
"1123";490;500;1;0;0;0;0;1;0;0
"1124";494;501;0;0;1;0;0;1;0;0
"1126";NA;525;0;0;1;0;0;0;1;0
"1127";540;545;0;0;1;0;0;1;0;0
"1128";538;541;0;0;1;0;0;1;0;0
"1129";584;585;1;0;0;0;0;1;0;0
"1130";589;589;0;1;0;0;0;1;0;0
"1131";NA;590;0;1;0;0;0;0;1;0
"1132";506;506;1;0;0;0;0;1;0;0
"1133";549;552;0;0;1;0;0;1;0;0
"1134";510;519;0;0;1;0;0;1;0;0
"1135";549;552;0;0;0;1;0;1;0;0
"1136";590;590;1;0;0;0;0;1;0;0
"1137";498;501;0;0;1;0;0;1;0;0
"1138";540;545;1;0;0;0;0;1;0;0
"1139";490;500;1;0;0;0;0;0;0;1
"1140";551;586;0;0;0;0;1;1;0;0
"1141";NA;561;0;0;0;1;0;1;0;0
"1142";614;614;0;1;0;0;0;1;0;0
"1143";549;549;0;0;0;1;0;0;1;0
"1144";585;585;0;0;1;0;0;0;1;0
"1145";NA;585;1;0;0;0;0;0;1;0
"1146";552;560;0;0;1;0;0;0;1;0
"1147";552;560;0;0;1;0;0;0;1;0
"1148";567;584;0;0;1;0;0;1;0;0
"1149";555;560;1;0;0;0;0;0;0;1
"1150";574;585;1;0;0;0;0;1;0;0
"1151";560;565;0;0;0;1;0;1;0;0
"1153";517;517;0;0;1;0;0;1;0;0
"1154";585;585;1;0;0;0;0;1;0;0
"1155";NA;NA;0;0;0;0;0;0;0;0
"1156";NA;NA;0;0;0;0;0;0;0;0
"1157";NA;508;1;0;0;0;0;0;1;0
"1158";540;540;0;0;0;1;0;1;0;0
"1159";541;542;1;0;0;0;0;1;0;0
"1160";517;517;0;0;0;0;1;1;0;0
"1161";561;570;0;0;0;1;0;0;1;0
"1162";534;541;0;1;0;0;0;1;0;0
"1163";614;614;0;0;0;0;1;1;0;0
"1164";602;602;0;0;1;0;0;0;1;0
"1165";561;566;1;0;0;0;0;0;1;0
"1166";549;549;0;0;0;0;1;0;1;0
"1167";589;589;0;1;0;0;0;1;0;0
"1168";506;530;0;0;1;0;0;0;1;0
"1169";596;601;0;0;0;0;1;1;0;0
"1170";NA;555;0;1;0;0;0;1;0;0
"1171";585;585;0;0;1;0;0;0;1;0
"1172";514;534;0;0;0;0;1;1;0;0
"1173";552;561;0;0;0;1;0;0;0;1
"1174";554;554;0;0;0;0;1;0;1;0
"1175";NA;NA;0;0;0;0;0;0;0;0
"1176";NA;NA;0;0;0;0;0;0;0;0
"1177";NA;NA;0;0;0;0;0;0;0;0
"1178";NA;NA;0;0;0;0;0;0;0;0
"1179";506;511;1;0;0;0;0;1;0;0
"1180";NA;NA;0;0;0;0;0;0;0;0
"1181";566;567;0;1;0;0;0;1;0;0
"1182";535;535;0;0;0;0;1;1;0;0
"1183";NA;NA;0;0;0;0;0;0;0;0
"1184";561;575;0;1;0;0;0;1;0;0
"1185";490;510;0;1;0;0;0;0;0;1
"1186";561;575;0;1;0;0;0;0;0;1
"1187";589;589;0;1;0;0;0;1;0;0
"1188";NA;NA;0;0;0;0;0;0;0;0
"1189";565;567;0;1;0;0;0;1;0;0
"1191";511;534;0;1;0;0;0;1;0;0
"1192";NA;NA;0;0;0;0;0;0;0;0
"1193";NA;NA;0;0;0;0;0;0;0;0
"1194";NA;NA;0;0;0;0;0;0;0;0
"1195";585;585;0;0;0;1;0;0;0;1
"1196";485;527;0;0;1;0;0;1;0;0
"1197";540;545;0;0;1;0;0;0;1;0
"1198";571;593;0;0;1;0;0;1;0;0
"1199";534;554;0;0;0;0;1;1;0;0
"1200";601;601;0;0;0;1;0;1;0;0
"1201";570;570;0;1;0;0;0;1;0;0
"1202";585;585;0;0;1;0;0;0;1;0
"1203";511;511;0;0;0;1;0;1;0;0
"1204";592;614;0;1;0;0;0;1;0;0
"1205";506;506;1;0;0;0;0;1;0;0
"1206";595;610;0;0;1;0;0;0;1;0
"1207";590;590;0;1;0;0;0;0;1;0
"1208";501;513;0;0;1;0;0;1;0;0
"1209";542;549;0;0;0;0;1;0;1;0
"1210";560;580;0;0;1;0;0;0;1;0
"1212";584;591;1;0;0;0;0;1;0;0
"1213";NA;612;0;0;1;0;0;0;1;0
"1214";589;590;0;1;0;0;0;1;0;0
"1215";571;571;1;0;0;0;0;0;1;0
"1216";NA;NA;0;0;0;0;0;0;0;0
"1217";533;541;1;0;0;0;0;1;0;0
"1218";NA;NA;0;0;0;0;0;0;0;0
"1219";465;486;0;0;0;1;0;0;0;1
"1221";NA;NA;0;0;0;0;0;0;0;0
"1222";NA;NA;0;0;0;0;0;0;0;0
"1223";560;600;0;0;1;0;0;1;0;0
"1224";551;570;0;0;1;0;0;1;0;0
"1225";585;585;0;0;1;0;0;0;1;0
"1226";614;626;0;0;1;0;0;1;0;0
"1227";585;585;0;0;1;0;0;0;1;0
"1228";575;590;0;0;0;1;0;0;1;0
"1229";NA;NA;0;0;0;0;0;0;0;0
"1230";NA;NA;0;0;0;0;0;0;0;0
"1231";517;517;0;0;1;0;0;1;0;0
"1232";585;585;0;0;1;0;0;0;1;0
"1233";NA;585;1;0;0;0;0;0;0;1
"1234";515;545;0;0;0;0;1;0;1;0
"1235";NA;NA;0;0;0;0;0;0;0;0
"1236";506;511;1;0;0;0;0;1;0;0
"1237";551;571;0;0;1;0;0;1;0;0
"1238";539;572;0;0;1;0;0;1;0;0
"1240";610;610;0;0;0;1;0;0;0;1
"1241";614;614;0;0;0;1;0;1;0;0
"1242";548;555;0;1;0;0;0;0;0;1
"1243";585;585;0;0;1;0;0;0;1;0
"1244";519;521;0;0;0;1;0;1;0;0
"1245";541;549;0;0;0;1;0;0;1;0
"1246";549;551;1;0;0;0;0;1;0;0
"1247";566;591;0;0;0;0;1;1;0;0
"1248";NA;NA;0;0;0;0;0;0;0;0
"1249";NA;NA;0;0;0;0;0;0;0;0
"1250";534;548;0;1;0;0;0;0;0;1
"1251";NA;NA;0;0;0;0;0;0;0;0
"1252";511;534;0;1;0;0;0;0;0;1
"1253";505;513;0;0;1;0;0;1;0;0
"1254";554;554;0;0;0;0;1;1;0;0
"1255";570;570;0;1;0;0;0;1;0;0
"1256";570;580;1;0;0;0;0;0;1;0
"1257";570;570;0;1;0;0;0;0;1;0
"1258";581;581;0;0;0;1;0;0;1;0
"1259";585;585;0;0;0;1;0;0;0;1
"1260";576;590;0;0;0;1;0;0;1;0
"1261";585;585;0;0;1;0;0;0;1;0
"1263";600;610;0;0;1;0;0;0;1;0
"1264";538;549;0;0;0;1;0;1;0;0
"1265";561;575;0;1;0;0;0;1;0;0
"1266";541;541;0;0;1;0;0;0;1;0
"1267";NA;NA;0;0;0;0;0;0;0;0
"1268";NA;523;0;0;1;0;0;0;1;0
"1269";549;549;0;0;1;0;0;0;1;0
"1270";585;585;0;0;0;0;1;1;0;0
"1271";555;561;0;0;1;0;0;1;0;0
"1272";530;544;0;0;0;1;0;0;1;0
"1273";490;496;0;0;0;1;0;1;0;0
"1274";NA;587;0;1;0;0;0;1;0;0
"1275";520;530;1;0;0;0;0;1;0;0
"1276";570;580;0;1;0;0;0;1;0;0
"1277";580;590;0;0;0;1;0;0;1;0
"1278";560;571;1;0;0;0;0;0;1;0
"1279";585;590;0;0;0;0;1;1;0;0
"1280";549;549;0;0;1;0;0;1;0;0
"1281";580;590;1;0;0;0;0;1;0;0
"1282";515;515;0;0;1;0;0;0;1;0
"1283";490;500;0;1;0;0;0;1;0;0
"1284";499;505;0;0;1;0;0;1;0;0
"1285";NA;573;0;0;1;0;0;0;0;1
"1286";500;500;0;0;1;0;0;0;1;0
"1287";533;533;0;0;0;0;1;0;1;0
"1288";487;510;0;0;1;0;0;1;0;0
"1289";NA;NA;0;0;0;0;0;0;0;0
"1290";517;517;0;0;0;0;1;1;0;0
"1291";570;570;0;0;1;0;0;0;1;0
"1292";NA;NA;0;0;0;0;0;0;0;0
"1293";496;500;0;1;0;0;0;1;0;0
"1294";561;585;0;0;0;1;0;1;0;0
"1295";541;554;0;0;0;0;1;1;0;0
"1299";535;535;1;0;0;0;0;0;1;0
"1300";585;590;0;0;0;0;1;1;0;0
"1301";NA;NA;0;0;0;0;0;0;0;0
"1303";495;507;0;0;0;1;0;1;0;0
"1304";611;627;1;0;0;0;0;1;0;0
"1305";570;581;0;0;0;0;1;1;0;0
"1306";490;510;0;0;0;0;1;1;0;0
"1307";450;490;0;0;0;1;0;1;0;0
"1308";515;519;0;0;1;0;0;1;0;0
"1309";567;567;0;0;0;1;0;1;0;0
"1310";NA;NA;0;0;0;0;0;0;0;0
"1311";506;506;1;0;0;0;0;1;0;0
"1312";585;585;0;0;0;0;1;1;0;0
"1313";585;585;0;0;1;0;0;0;1;0
"1314";512;520;0;0;0;1;0;1;0;0
"1315";538;538;1;0;0;0;0;0;1;0
"1316";NA;546;0;0;1;0;0;1;0;0
"1317";549;549;1;0;0;0;0;0;1;0
"1318";549;570;0;0;1;0;0;0;1;0
"1319";551;570;0;0;1;0;0;1;0;0
"1320";614;614;0;0;0;0;1;1;0;0
"1321";527;549;0;0;0;0;1;1;0;0
"1322";585;585;0;0;1;0;0;0;1;0
"1323";585;585;0;0;1;0;0;0;1;0
"1324";NA;588;0;0;1;0;0;0;1;0
"1325";NA;NA;0;0;0;0;0;0;0;0
"1326";NA;586;0;0;1;0;0;0;1;0
"1327";549;549;0;0;0;1;0;0;1;0
"1328";NA;529;0;1;0;0;0;1;0;0
"1329";NA;513;0;0;1;0;0;0;1;0
"1330";516;516;0;0;1;0;0;0;1;0
"1331";541;549;0;0;0;0;1;1;0;0
"1332";549;549;1;0;0;0;0;0;1;0
"1333";584;601;0;0;0;0;1;0;1;0
"1334";488;495;0;0;0;1;0;1;0;0
"1335";549;549;1;0;0;0;0;0;1;0
"1336";490;493;0;0;1;0;0;1;0;0
"1337";517;535;0;0;1;0;0;1;0;0
"1339";570;575;0;0;0;0;1;0;1;0
"1340";485;499;0;0;1;0;0;0;1;0
"1341";542;569;0;1;0;0;0;1;0;0
"1342";548;555;0;1;0;0;0;0;0;1
"1343";540;558;0;0;0;1;0;0;0;1
"1344";581;585;0;1;0;0;0;1;0;0
"1345";571;571;0;1;0;0;0;1;0;0
"1346";NA;NA;0;0;0;0;0;0;0;0
"1347";550;560;0;0;0;1;0;0;1;0
"1348";575;575;0;1;0;0;0;1;0;0
"1350";587;587;0;0;0;1;0;0;0;1
"1352";573;583;0;0;0;0;1;1;0;0
"1353";570;570;0;1;0;0;0;0;0;1
"1354";NA;NA;0;0;0;0;0;0;0;0
"1355";561;570;1;0;0;0;0;0;1;0
"1356";520;530;0;0;0;0;1;0;1;0
"1357";555;558;0;0;0;1;0;1;0;0
"1358";584;584;0;0;0;1;0;1;0;0
"1359";585;585;0;0;0;1;0;0;0;1
"1360";595;605;0;0;0;1;0;1;0;0
"1361";595;605;0;0;1;0;0;0;0;1
"1362";558;580;1;0;0;0;0;0;1;0
"1363";584;590;0;0;1;0;0;0;0;1
"1364";600;605;0;0;1;0;0;0;1;0
"1365";577;586;0;0;0;1;0;0;1;0
"1366";541;542;0;1;0;0;0;0;0;1
"1367";494;506;0;0;0;1;0;1;0;0
"1368";555;560;0;0;0;1;0;1;0;0
"1369";533;533;1;0;0;0;0;1;0;0
"1370";510;520;1;0;0;0;0;1;0;0
"1371";591;625;1;0;0;0;0;1;0;0
"1373";NA;NA;0;0;0;0;0;0;0;0
"1374";587;588;0;1;0;0;0;1;0;0
